{
  "Agent-5->Agent-2": [
    1766208759.965351
  ],
  "Agent-1->Agent-5": [
    1766357822.5515482
  ],
  "Agent-1->Agent-4": [
    1766357885.5694149
  ],
  "Agent-1->Agent-2": [
    1766360050.9453275
  ],
  "Agent-2->Agent-2": [
    1766361272.6599033
  ],
  "Agent-2->Agent-1": [
    1766361386.9140222
  ],
  "Agent-5->Agent-2 (Co-Captain)": [
    1766361488.52067
  ],
  "Agent-6->Agent-2 (Co-Captain)": [
    1766361501.7042053
  ],
  "Agent-7->Agent-2": [
    1766361527.7280984
  ],
  "Agent-2->Agent-7": [
    1766361562.0067904
  ],
  "CAPTAIN->Agent-7": [
    1766414731.2511017
  ],
  "CAPTAIN->Agent-8": [
    1766414963.764607,
    1766425439.8761077
  ],
  "CAPTAIN->Agent-5": [
    1766415560.1343737,
    1766425295.0626698
  ],
  "Agent-5->Agent-4": [
    1766424305.7812457
  ],
  "Agent-5->Agent-8": [
    1766424962.5093536
  ],
  "CAPTAIN->Agent-1": [
    1766430420.711489
  ],
  "CAPTAIN->Agent-2": [
    1766430554.0778847
  ],
  "Agent-2->Agent-4": [
    1766430859.7681904
  ]
}