{
  "Agent-1->Agent-5": [
    1766357822.5515482
  ],
  "Agent-1->Agent-4": [
    1766681738.4411833,
    1766699119.8802853,
    1766728900.6872962
  ],
  "Agent-1->Agent-2": [
    1766681935.0227437,
    1766710455.1296065
  ],
  "Agent-2->Agent-2": [
    1766361272.6599033
  ],
  "Agent-2->Agent-1": [
    1766681839.7103314,
    1766710887.0169184
  ],
  "Agent-5->Agent-2 (Co-Captain)": [
    1766361488.52067
  ],
  "Agent-6->Agent-2 (Co-Captain)": [
    1766361501.7042053
  ],
  "Agent-7->Agent-2": [
    1766682538.7652092,
    1766697793.2178657,
    1766711681.5526483
  ],
  "Agent-2->Agent-7": [
    1766682254.3331678,
    1766697208.1534748,
    1766710188.8134549
  ],
  "CAPTAIN->Agent-7": [
    1766682193.952207,
    1766699313.5573566,
    1766729010.6243694
  ],
  "CAPTAIN->Agent-8": [
    1766682420.8303936
  ],
  "CAPTAIN->Agent-5": [
    1766681969.7101922,
    1766728946.5620697
  ],
  "Agent-5->Agent-4": [
    1766682319.7620556,
    1766729007.0003307
  ],
  "Agent-5->Agent-8": [
    1766424962.5093536
  ],
  "CAPTAIN->Agent-1": [
    1766681642.1207232,
    1766698967.8220723,
    1766728858.1615279
  ],
  "CAPTAIN->Agent-2": [
    1766681762.5630958,
    1766699047.0071018
  ],
  "Agent-2->Agent-4": [
    1766682136.774503
  ],
  "Agent-6->Agent-7": [
    1766680958.89064,
    1766690134.5990367,
    1766696270.8970995,
    1766726144.5664759,
    1766729243.8311589
  ],
  "Agent-6->Agent-5": [
    1766681046.221479,
    1766690006.1639256,
    1766696393.711868,
    1766726539.2285683
  ],
  "Agent-7->Agent-6": [
    1766681316.6295426,
    1766690186.6808956,
    1766696065.7130818
  ],
  "CAPTAIN->Agent-3": [
    1766681866.2568507,
    1766699109.1778479,
    1766728902.0978317
  ],
  "Agent-3->Agent-4": [
    1766681954.6489594,
    1766699178.4197018,
    1766728991.3712978
  ],
  "CAPTAIN->Agent-6": [
    1766682078.9318342,
    1766689349.3113465,
    1766729223.590724
  ],
  "Agent-3->Agent-7": [
    1766682110.6895702,
    1766725499.5857825
  ],
  "Agent-6->Agent-4": [
    1766682145.8708572,
    1766690101.1646945,
    1766729384.185048
  ],
  "Agent-7->Agent-3": [
    1766682242.4056077
  ],
  "Agent-5->Agent-6": [
    1766697081.6653237,
    1766726668.7115347
  ],
  "Agent-3->Agent-5": [
    1766697962.5428777,
    1766709461.1372669
  ],
  "Agent-7->Agent-4": [
    1766699024.615825
  ],
  "CAPTAIN->Agent-4": [
    1766699181.526359
  ],
  "Agent-1->Agent-7": [
    1766699208.0460563,
    1766709264.172876,
    1766729395.201281
  ],
  "Agent-7->Agent-1": [
    1766709471.7263122
  ],
  "Agent-1->Agent-6": [
    1766709506.7376986,
    1766726573.6529405,
    1766729018.8818312
  ],
  "Agent-5->Agent-3": [
    1766710223.7109842
  ],
  "Agent-7->Agent-5": [
    1766711073.3724496,
    1766725122.017667
  ],
  "Agent-2->Agent-5": [
    1766711198.95388
  ],
  "Agent-5->Agent-2": [
    1766711881.6877615
  ],
  "Agent-5->Agent-7": [
    1766725296.8506346
  ],
  "Agent-6->Agent-3": [
    1766726242.4803705
  ],
  "Agent-3->Agent-6": [
    1766726335.6241453
  ],
  "Agent-6->Agent-1": [
    1766726338.4984586,
    1766729193.787522
  ],
  "Agent-6->Agent-2": [
    1766726461.185167
  ],
  "Agent-2->Agent-6": [
    1766726582.1300914
  ]
}