{
  "Agent-5->Agent-3": [
    1768263701.8900123
  ],
  "Agent-5->Agent-4": [
    1768264016.6288424,
    1768267222.6535287,
    1768273179.9407468,
    1768273304.0427005,
    1768273360.86633,
    1768273849.908173,
    1768274071.196182
  ],
  "CAPTAIN->Agent-5": [
    1768264121.4973066,
    1768265577.3944495,
    1768267176.279369,
    1768267391.2225602,
    1768267521.409755,
    1768269745.543581,
    1768269864.527663,
    1768272984.3398736,
    1768273220.3582962,
    1768273328.9954472,
    1768273927.232618,
    1768276261.245036,
    1768277149.8203058,
    1768277433.9065979
  ],
  "CAPTAIN->Agent-1": [
    1768264251.066666,
    1768276327.2829552,
    1768276403.16626,
    1768276812.9097745,
    1768276875.9439366,
    1768277312.3866289
  ],
  "CAPTAIN->Agent-3": [
    1768264299.1770327,
    1768276476.6019416
  ],
  "CAPTAIN->Agent-8": [
    1768264410.8111064,
    1768266510.6605647,
    1768266879.4367383,
    1768267111.5751297,
    1768267242.7204933,
    1768267292.315135,
    1768267341.3432288,
    1768267459.7912028,
    1768267592.565507,
    1768267653.2546508,
    1768267704.468405,
    1768267746.4976773,
    1768267791.438276,
    1768267836.3217518,
    1768267879.6286318,
    1768267926.444162,
    1768267971.123658,
    1768268234.6117544,
    1768268510.7427807,
    1768268882.556833,
    1768269174.586186,
    1768269495.8052433,
    1768269577.342332,
    1768269700.3652194,
    1768269778.148124,
    1768269897.1867008,
    1768269964.8648298,
    1768270720.8146043,
    1768270817.3851998,
    1768270864.7142923,
    1768270912.8551884,
    1768270954.0253327,
    1768271006.5398145,
    1768272374.2337,
    1768272731.9059415,
    1768272785.839485,
    1768272947.5861166,
    1768273030.6806917,
    1768273574.2329438,
    1768273726.8113663,
    1768273791.5474257,
    1768273883.894762,
    1768273971.5988224,
    1768274027.1969702,
    1768276000.5387123,
    1768276039.4513724,
    1768276695.8782358,
    1768276757.9036574,
    1768276985.4213245,
    1768277089.0643692,
    1768277223.1002994,
    1768277500.5139754,
    1768298663.6586423,
    1768299196.4718995
  ],
  "Agent-1->Agent-4": [
    1768264571.894258,
    1768275746.5848606,
    1768277369.9264367
  ],
  "CAPTAIN->Agent-2": [
    1768264950.097162,
    1768267050.2098486,
    1768276365.24088,
    1768276440.2366478
  ],
  "Agent-8->Agent-4": [
    1768265311.2296014,
    1768265773.2384486,
    1768265831.0455225,
    1768266706.8364022,
    1768266795.571029,
    1768266963.199619,
    1768267031.2744014,
    1768267163.7798734,
    1768267308.7110424,
    1768267434.882425,
    1768267479.182091,
    1768267609.7702994,
    1768267668.028137,
    1768267718.5927227,
    1768267759.7151988,
    1768267805.0551412,
    1768267850.6208913,
    1768267893.0752711,
    1768267941.9465792,
    1768268250.8036382,
    1768268752.0737755,
    1768268978.3668926,
    1768269306.6867068,
    1768269426.220702,
    1768269510.9919975,
    1768269682.5997784,
    1768269725.6616077,
    1768269813.7173877,
    1768270618.5503786,
    1768270649.3918166,
    1768270698.7587538,
    1768270734.215963,
    1768270775.5594115,
    1768270849.1145248,
    1768270888.4589686,
    1768270929.880076,
    1768270969.975707,
    1768271023.0274267,
    1768271069.8268864,
    1768271118.6328309,
    1768272480.6215165,
    1768272757.9253638,
    1768273003.712547,
    1768273339.000844,
    1768273381.7717595,
    1768273535.639778,
    1768273690.848723,
    1768273778.1976933,
    1768273868.0086162,
    1768273953.6205418,
    1768274177.5350978,
    1768274224.757204,
    1768274270.2193964,
    1768274308.6026433,
    1768274343.3181493,
    1768274377.129034,
    1768276092.4889302,
    1768276725.2658274,
    1768276854.826224,
    1768277021.1890085,
    1768277261.1570892,
    1768277526.2194064,
    1768277581.5094326,
    1768298711.3459911,
    1768298849.8284035
  ],
  "Agent-2->Agent-4": [
    1768266197.4579222
  ],
  "Agent-5->Agent-8": [
    1768271578.3480086,
    1768271680.7398157,
    1768273091.693095,
    1768273244.6555896,
    1768273667.9780686,
    1768273912.9519572,
    1768273990.4293015,
    1768299095.343705
  ],
  "Agent-8->Agent-5": [
    1768272970.4289193,
    1768273429.8611712,
    1768273480.0027225,
    1768273591.0672688,
    1768273642.2688303,
    1768273748.181859,
    1768273819.7987413,
    1768274010.954968,
    1768274125.0713463,
    1768277048.3970811,
    1768299172.063622
  ],
  "CAPTAIN->Agent-6": [
    1768276524.7384927
  ],
  "CAPTAIN->Agent-7": [
    1768276554.1744807
  ],
  "CAPTAIN->Agent-4": [
    1768276622.936054,
    1768276929.0211043,
    1768299055.2985816
  ],
  "Agent-7->Agent-4": [
    1768298334.656926
  ],
  "Agent-6->Agent-4": [
    1768298585.5739753
  ],
  "Agent-6->Agent-1": [
    1768299418.9719324
  ],
  "Agent-4->Agent-1": [
    1768300500.0
  ],
  "Agent-4->Agent-2": [
    1768300500.0
  ],
  "Agent-4->Agent-3": [
    1768300500.0
  ],
  "Agent-4->Agent-5": [
    1768300500.0
  ],
  "Agent-4->Agent-6": [
    1768300500.0
  ],
  "Agent-4->Agent-7": [
    1768300500.0
  ],
  "Agent-4->Agent-8": [
    1768300500.0,
    1768300600.0
  ],
  "Agent-6->Agent-3": [
    1768301595.3784232
  ]
}