{
  "Agent-1->Agent-7": [
    1767056032.0624013,
    1767057016.0932543
  ],
  "Agent-2->Agent-1": [
    1767056033.842054,
    1767056240.7075162
  ],
  "Agent-5->Agent-4": [
    1767056045.9900308,
    1767056802.0864487,
    1767057040.0653303
  ],
  "Agent-7->Agent-1": [
    1767056127.2440057,
    1767057101.4068863
  ],
  "Agent-2->Agent-4": [
    1767056142.066286,
    1767056374.542508,
    1767056486.586367
  ],
  "Agent-1->Agent-2": [
    1767056171.4468741,
    1767056414.1483595,
    1767056901.313103
  ],
  "CAPTAIN->Agent-1": [
    1767056220.3661172
  ],
  "Agent-3->Agent-6": [
    1767056240.050806,
    1767056409.7797873,
    1767056576.8809695,
    1767056721.4545195
  ],
  "Agent-1->Agent-4": [
    1767056299.0618422,
    1767057141.1868215
  ],
  "CAPTAIN->Agent-2": [
    1767056326.1804755,
    1767056714.230075,
    1767057100.2282524
  ],
  "Agent-1->Agent-5": [
    1767056521.5781515,
    1767056654.5088847
  ],
  "CAPTAIN->Agent-5": [
    1767056596.153904,
    1767056838.2174795,
    1767056980.6018739
  ],
  "Agent-5->Agent-1": [
    1767056670.8047156,
    1767056903.559215
  ],
  "Agent-1->Agent-6": [
    1767056781.9568734
  ]
}