{
  "Agent-1->Agent-7": [
    1767772122.2641938,
    1767773388.941576,
    1767773453.1720195,
    1767783189.9736457,
    1767783900.631558,
    1767784637.8520198,
    1767785019.0661597,
    1767785396.4345427,
    1767785608.51738,
    1767785821.0336254,
    1767786476.5211012,
    1767822577.7548552,
    1767822619.2820127,
    1767825278.9524417
  ],
  "Agent-2->Agent-1": [
    1767056033.842054,
    1767056240.7075162,
    1767058568.070226,
    1767058872.9380007,
    1767059171.5814505,
    1767059973.7776158,
    1767088960.6892095,
    1767089589.8376644,
    1767090574.903016,
    1767095803.9956234,
    1767098379.6369188,
    1767099170.2073069,
    1767101134.924031,
    1767105162.9720407
  ],
  "Agent-5->Agent-4": [
    1767822000.8459468,
    1767825742.8309093,
    1767826830.1506581,
    1767827409.7580345,
    1767827946.0286922,
    1767828462.9560316,
    1767828819.8630245,
    1767829523.5533392,
    1767870294.4587631,
    1767876310.0940886,
    1767876695.7029924,
    1767876834.182071,
    1767880188.8060462,
    1767881977.1273427,
    1767882601.3092575,
    1767883858.7274623,
    1767884920.2795238,
    1767885282.2292383
  ],
  "Agent-7->Agent-1": [
    1767771170.5759044,
    1767772297.4188237,
    1767774092.517387,
    1767775428.0582972,
    1767784071.4044378,
    1767784633.6924293,
    1767784866.5804899,
    1767785238.524605,
    1767785494.6023629,
    1767785939.053197,
    1767786091.9618568,
    1767786767.047277,
    1767821940.0938184,
    1767822805.862659,
    1767822963.4126318,
    1767826095.2755873
  ],
  "Agent-2->Agent-4": [
    1768044282.9181483,
    1768044403.4437642,
    1768082957.560431,
    1768095532.9757695
  ],
  "Agent-1->Agent-2": [
    1767056171.4468741,
    1767056414.1483595,
    1767056901.313103,
    1767057287.03841,
    1767058911.3652008,
    1767059249.306679,
    1767059831.2992368,
    1767060740.8070679
  ],
  "CAPTAIN->Agent-1": [
    1767826860.3417718,
    1767836616.57226,
    1767836991.424458,
    1767867513.1014454,
    1767867663.2659383,
    1767867771.6435425,
    1767867856.061465,
    1767867974.2790804,
    1767869185.855195,
    1767869275.4122038,
    1767869650.3235896,
    1767874710.3448505
  ],
  "Agent-3->Agent-6": [
    1767056240.050806,
    1767056409.7797873,
    1767056576.8809695,
    1767056721.4545195,
    1767057243.3534465,
    1767057435.4717357,
    1767057685.4358501,
    1767058101.906168,
    1767058324.9728315,
    1767058489.2382133,
    1767058665.7725587,
    1767058853.2909014,
    1767058994.572142,
    1767059151.595038,
    1767059478.4322274,
    1767059727.5280275,
    1767059907.6642396,
    1767060049.5878642,
    1767060182.9258535,
    1767060496.2307763,
    1767060673.3995543,
    1767060824.0990052,
    1767060988.2566977,
    1767061134.777167,
    1767061283.4914474,
    1767061598.558073,
    1767061733.7194932,
    1767061894.3381424,
    1767062037.5758648,
    1767062162.112586,
    1767062301.0674512,
    1767062459.33941,
    1767062585.775541,
    1767062741.1299167,
    1767062897.0645564,
    1767063038.1212509,
    1767063185.8925111,
    1767063328.7694147,
    1767063479.6061606,
    1767063621.466926,
    1767063772.7979398,
    1767063915.929083,
    1767064098.3818204,
    1767064238.7997181,
    1767064395.788515,
    1767064566.5881586,
    1767064705.9822626,
    1767064859.3705864,
    1767065012.241764,
    1767065186.10255,
    1767065330.6030362,
    1767065492.3994012,
    1767065630.019815,
    1767065786.1758842,
    1767065927.4373057,
    1767066053.1477106,
    1767066196.4410052,
    1767066320.58832,
    1767066476.048557,
    1767066612.9178889,
    1767066761.9146373,
    1767066926.3711827,
    1767067065.003687,
    1767067210.8490286,
    1767067377.93312,
    1767067524.6078672,
    1767067677.215146,
    1767067815.8426034,
    1767067949.439118,
    1767068199.9532878,
    1767068468.6978981,
    1767068575.4235709,
    1767068699.7722487,
    1767068824.9470203,
    1767068970.803664
  ],
  "Agent-1->Agent-4": [
    1767836222.4274576,
    1767867489.3845854,
    1767867744.7214446,
    1767867853.1919334
  ],
  "CAPTAIN->Agent-2": [
    1768094857.9886205,
    1768094983.7140722,
    1768095071.4687734,
    1768095137.9996731,
    1768095558.3818758
  ],
  "Agent-1->Agent-5": [
    1767723876.641273,
    1767724994.3905666
  ],
  "CAPTAIN->Agent-5": [
    1767824485.476465,
    1767826479.4269533,
    1767826968.451768,
    1767827498.6544027,
    1767828109.6211102,
    1767828580.9792385,
    1767828936.266741,
    1767869430.1712298,
    1767870660.1477284,
    1767874977.3681252,
    1767876478.5452082,
    1767876972.7310784,
    1767877236.5382025,
    1767880292.0235915,
    1767882024.2675047,
    1767882683.9957187,
    1767883898.3572123,
    1767884953.8655396,
    1767885311.2079594
  ],
  "Agent-5->Agent-1": [
    1767056670.8047156,
    1767056903.559215,
    1767059015.9934905,
    1767059135.2459009,
    1767059751.6223948,
    1767059876.0465467,
    1767060502.6590981,
    1767060761.3309376,
    1767061130.2633033,
    1767061282.2703369,
    1767061450.8785658,
    1767061739.732861,
    1767061989.1742632,
    1767062277.035524,
    1767062488.2319603,
    1767062716.756284,
    1767063086.9543285,
    1767063208.395711,
    1767063452.3502338,
    1767063887.5009649,
    1767064036.8738227,
    1767064416.9378886,
    1767064681.5920804,
    1767064948.1715822,
    1767065191.8375444,
    1767065488.4306092,
    1767065727.3440366,
    1767065964.220277,
    1767066325.3527486,
    1767066577.2154179,
    1767066866.7044864,
    1767067130.0796719,
    1767067525.305503,
    1767067811.7388015,
    1767068077.58832,
    1767068368.3610072,
    1767068615.8343155,
    1767068857.107027,
    1767069084.8587334,
    1767069466.6908214,
    1767069576.3734813,
    1767069862.9534783,
    1767070171.0057838,
    1767070260.9802723,
    1767070651.0239794,
    1767070822.7762666,
    1767071044.6275625,
    1767071261.1035104,
    1767071468.4755158,
    1767071652.9249897,
    1767071858.4195955,
    1767072033.907763,
    1767072226.901358,
    1767072366.4535167
  ],
  "Agent-1->Agent-6": [
    1767056781.9568734
  ],
  "Agent-8->Agent-5": [
    1767085429.2972043,
    1767085704.4013338,
    1767086257.2008283,
    1767086455.2290828,
    1767086670.5307097,
    1767086840.417825,
    1767087011.5612683,
    1767087232.875935,
    1767087403.9466841,
    1767087615.0781097,
    1767087831.608519,
    1767088029.1339765,
    1767088229.10208,
    1767088438.1421723,
    1767088637.4179277,
    1767088844.3244429,
    1767089035.2060034,
    1767089290.0557442,
    1767089564.7559252,
    1767095535.742574,
    1767095914.4998538
  ],
  "Agent-5->Agent-8": [
    1767085633.2719798,
    1767085803.122483,
    1767086330.0070012,
    1767086577.4304757,
    1767086743.4649994,
    1767086923.562314,
    1767087118.0741801,
    1767087313.5754786,
    1767087499.1454728,
    1767087707.1929162,
    1767087925.55719,
    1767088113.0807881,
    1767088348.5753136,
    1767088516.7658193,
    1767088714.5781415,
    1767088936.672204,
    1767089465.2665927,
    1767095747.5524197,
    1767096367.0473974
  ],
  "Agent-3->Agent-4": [
    1768091497.5409944,
    1768092945.6501763,
    1768093025.759736
  ],