{
  "CAPTAIN->Agent-2": [
    1767055315.3936203
  ],
  "Agent-2->Agent-4": [
    1767055396.759381
  ]
}