{
  "Agent-1->Agent-7": [
    1767056032.0624013,
    1767057016.0932543,
    1767057663.842031,
    1767057917.1752694,
    1767058121.2933297,
    1767058404.9065144,
    1767058623.2373202,
    1767059094.4859576,
    1767060003.5247204
  ],
  "Agent-2->Agent-1": [
    1767056033.842054,
    1767056240.7075162,
    1767058568.070226,
    1767058872.9380007,
    1767059171.5814505,
    1767059973.7776158
  ],
  "Agent-5->Agent-4": [
    1767056045.9900308,
    1767056802.0864487,
    1767057040.0653303,
    1767057781.199292,
    1767058765.320663,
    1767058896.4668782,
    1767059290.665971,
    1767059406.8397899,
    1767059632.0668855,
    1767060002.8481076,
    1767060189.61158,
    1767060633.4275916,
    1767060939.8409033,
    1767061625.0671103,
    1767061871.4079597,
    1767062124.960365,
    1767062386.9695933,
    1767062600.2791834,
    1767062861.3613598,
    1767062966.0684516,
    1767063349.023726,
    1767063592.2973645,
    1767063737.716651,
    1767064266.8955715,
    1767064558.6325269,
    1767064813.2145607,
    1767065071.1993885,
    1767065352.5212646,
    1767065614.8896494,
    1767065850.126292,
    1767066085.6320267,
    1767066229.3576698,
    1767066478.568458,
    1767066714.775361,
    1767067003.5327291,
    1767067256.006691,
    1767067396.5323176,
    1767067681.6625264,
    1767067944.26669,
    1767068242.7237034,
    1767068494.5970724,
    1767068728.699846,
    1767068965.3860254,
    1767069216.6564493,
    1767069669.2241104,
    1767069772.975855,
    1767070022.4090095,
    1767070100.1369646,
    1767070339.8114035,
    1767070429.7589905,
    1767070580.8660283,
    1767070756.4559398,
    1767070909.1862245,
    1767070978.3808773,
    1767071155.7589655,
    1767071366.3927739,
    1767071563.9521658,
    1767071753.2351058,
    1767071947.6795018,
    1767072128.8635767,
    1767072303.3394675
  ],
  "Agent-7->Agent-1": [
    1767056127.2440057,
    1767057101.4068863,
    1767057786.225442,
    1767058013.0314152,
    1767058267.4121304,
    1767058503.380233,
    1767058743.9102428,
    1767059190.477528
  ],
  "Agent-2->Agent-4": [
    1767056142.066286,
    1767056374.542508,
    1767056486.586367,
    1767058115.8514833,
    1767058723.622497,
    1767059004.9924417,
    1767059333.666028,
    1767059482.3009472,
    1767059642.2540038,
    1767059817.7833056,
    1767060114.7863874,
    1767085688.8930743
  ],
  "Agent-1->Agent-2": [
    1767056171.4468741,
    1767056414.1483595,
    1767056901.313103,
    1767057287.03841,
    1767058911.3652008,
    1767059249.306679,
    1767059831.2992368,
    1767060740.8070679
  ],
  "CAPTAIN->Agent-1": [
    1767056220.3661172,
    1767057231.2729816,
    1767058107.5565436,
    1767058541.999078,
    1767058992.7474813,
    1767059599.770764,
    1767060340.0202112,
    1767061318.6458848,
    1767062058.977628,
    1767062484.7247438,
    1767062892.0242088,
    1767063206.0133424,
    1767063644.556299,
    1767064058.760876,
    1767064549.0583308,
    1767064834.226277,
    1767065109.4711623,
    1767065537.460364,
    1767065824.65864,
    1767066639.6725757,
    1767066917.0742376,
    1767067291.2346318,
    1767067529.533693,
    1767067814.6530054,
    1767068058.6191127,
    1767068338.603202,
    1767068603.8810575,
    1767068879.4644053,
    1767069213.1301928,
    1767069408.3472052,
    1767069591.4949012,
    1767069681.8585832,
    1767069976.3626506,
    1767070091.995334,
    1767070379.2437742,
    1767070462.534144,
    1767070781.0197847,
    1767070961.0622869,
    1767071194.2197778,
    1767071357.4646447,
    1767071434.6907017,
    1767071595.0591118,
    1767071674.5384786,
    1767071832.925098,
    1767071980.3656423,
    1767072146.0035923,
    1767086076.6991444
  ],
  "Agent-3->Agent-6": [
    1767056240.050806,
    1767056409.7797873,
    1767056576.8809695,
    1767056721.4545195,
    1767057243.3534465,
    1767057435.4717357,
    1767057685.4358501,
    1767058101.906168,
    1767058324.9728315,
    1767058489.2382133,
    1767058665.7725587,
    1767058853.2909014,
    1767058994.572142,
    1767059151.595038,
    1767059478.4322274,
    1767059727.5280275,
    1767059907.6642396,
    1767060049.5878642,
    1767060182.9258535,
    1767060496.2307763,
    1767060673.3995543,
    1767060824.0990052,
    1767060988.2566977,
    1767061134.777167,
    1767061283.4914474,
    1767061598.558073,
    1767061733.7194932,
    1767061894.3381424,
    1767062037.5758648,
    1767062162.112586,
    1767062301.0674512,
    1767062459.33941,
    1767062585.775541,
    1767062741.1299167,
    1767062897.0645564,
    1767063038.1212509,
    1767063185.8925111,
    1767063328.7694147,
    1767063479.6061606,
    1767063621.466926,
    1767063772.7979398,
    1767063915.929083,
    1767064098.3818204,
    1767064238.7997181,
    1767064395.788515,
    1767064566.5881586,
    1767064705.9822626,
    1767064859.3705864,
    1767065012.241764,
    1767065186.10255,
    1767065330.6030362,
    1767065492.3994012,
    1767065630.019815,
    1767065786.1758842,
    1767065927.4373057,
    1767066053.1477106,
    1767066196.4410052,
    1767066320.58832,
    1767066476.048557,
    1767066612.9178889,
    1767066761.9146373,
    1767066926.3711827,
    1767067065.003687,
    1767067210.8490286,
    1767067377.93312,
    1767067524.6078672,
    1767067677.215146,
    1767067815.8426034,
    1767067949.439118,
    1767068199.9532878,
    1767068468.6978981,
    1767068575.4235709,
    1767068699.7722487,
    1767068824.9470203,
    1767068970.803664
  ],
  "Agent-1->Agent-4": [
    1767056299.0618422,
    1767057141.1868215,
    1767057787.4123976,
    1767058280.3981445,
    1767058771.3739848,
    1767059387.381703,
    1767060143.680663,
    1767060892.3031456,
    1767061616.343161,
    1767061926.2957425,
    1767062405.3338368,
    1767062663.7876465,
    1767063109.2380064,
    1767063432.5567915,
    1767063886.1000168,
    1767064394.906156,
    1767064765.647067,
    1767065077.458928,
    1767065405.1431916,
    1767066000.2460244,
    1767066279.2120967,
    1767066580.8989239,
    1767067006.38672,
    1767067291.6880457,
    1767067566.2942965,
    1767067843.5794272,
    1767068108.2246165,
    1767068249.5239284,
    1767068515.8934624,
    1767068799.8625357,
    1767069167.9923892,
    1767069373.9718792,
    1767069474.7981935,
    1767069816.2711477,
    1767069934.1037226,
    1767070245.8007524,
    1767070337.4766982,
    1767070736.7218275,
    1767070817.3107486,
    1767070998.160971,
    1767071163.000981,
    1767071317.5110788,
    1767071478.6545634,
    1767071558.1492772,
    1767071717.2816286,
    1767071879.216529,
    1767071970.142447,
    1767072129.5327313,
    1767084394.3734963,
    1767084637.4547856,
    1767085151.5794992,
    1767085520.7852945,
    1767085855.7420733
  ],
  "CAPTAIN->Agent-2": [
    1767056326.1804755,
    1767056714.230075,
    1767057100.2282524,
    1767057429.6721163,
    1767057675.2587996,
    1767058382.7006578,
    1767058691.8632786,
    1767059149.7972755,
    1767059428.7759364,
    1767059917.4749198,
    1767060188.4659472,
    1767060631.6759212,
    1767060910.1065357,
    1767061025.8378003,
    1767061180.8982837
  ],