{
  "CAPTAIN->Agent-1": [
    1768171617.870992,
    1768177856.5572295
  ],
  "CAPTAIN->Agent-2": [
    1768177105.9284396,
    1768178072.6164916,
    1768178737.789815,
    1768179071.6642792
  ],
  "Agent-2->Agent-4": [
    1768177175.1497397,
    1768177668.8831866,
    1768177968.157984,
    1768178640.2631476,
    1768178753.1886277
  ],
  "CAPTAIN->Agent-3": [
    1768177335.519466
  ],
  "CAPTAIN->Agent-5": [
    1768177600.138292
  ],
  "Agent-3->Agent-4": [
    1768178161.916246
  ],
  "Agent-2->Agent-3": [
    1768178653.3250651
  ],
  "Agent-1->Agent-4": [
    1768191345.7803428,
    1768191486.9573982
  ],
  "Agent-6->Agent-1": [
    1768192772.8141837
  ],
  "Agent-1->Agent-6": [
    1768192935.8527057,
    1768202800.490172,
    1768203276.2861896
  ],
  "Agent-6->Agent-5": [
    1768194758.124746
  ],
  "Agent-6->Agent-4": [
    1768194790.5714662
  ],
  "Agent-1->Agent-5": [
    1768202779.0305922,
    1768203222.2140265,
    1768203255.2776697,
    1768203716.181293,
    1768204326.5018573,
    1768204600.426647
  ],
  "Agent-5->Agent-1": [
    1768203599.7131264,
    1768203694.142381,
    1768204165.5800164,
    1768204422.3461702,
    1768204834.176812
  ]
}