{
  "Agent-1->Agent-5": [
    1767046016.8494802
  ],
  "Agent-1->Agent-4": [
    1767040199.8280225,
    1767041001.9510615,
    1767041158.227543
  ],
  "Agent-1->Agent-2": [
    1767045851.24076
  ],
  "Agent-2->Agent-2": [
    1766361272.6599033
  ],
  "Agent-2->Agent-1": [
    1767006775.356509,
    1767006989.8208158,
    1767030634.3494444,
    1767030704.733223,
    1767030748.7384088,
    1767045969.9849036
  ],
  "Agent-5->Agent-2 (Co-Captain)": [
    1766361488.52067
  ],
  "Agent-6->Agent-2 (Co-Captain)": [
    1766361501.7042053
  ],
  "Agent-7->Agent-2": [
    1767031057.0299711,
    1767031208.602613,
    1767031243.1675153,
    1767031326.3679562,
    1767031442.7253208,
    1767031547.122075,
    1767031689.046571,
    1767032382.4575539,
    1767032652.3076522,
    1767032717.7727034,
    1767032775.2907088,
    1767033142.0805926,
    1767033295.9413087,
    1767033360.0297627,
    1767033471.6927757,
    1767033654.694101,
    1767033708.6134171,
    1767033807.4030058,
    1767033957.1171787,
    1767034014.4781814,
    1767034107.455932,
    1767034262.129084,
    1767034306.105386,
    1767034399.5806382,
    1767034538.510026,
    1767034579.0050812,
    1767034693.1324806,
    1767034779.607001,
    1767034830.9201467,
    1767034980.7652133,
    1767035035.8496888,
    1767035070.9285352,
    1767035226.2436533,
    1767035265.5474117,
    1767035321.7217963,
    1767035482.1315746,
    1767035540.0957272,
    1767035614.6808088,
    1767035724.731947,
    1767035789.6937945,
    1767035876.0381656,
    1767036009.3238068,
    1767036050.0878243,
    1767036358.0558138,
    1767036414.4918077,
    1767036524.0962727,
    1767036566.3216412,
    1767036652.143009,
    1767036681.2189429,
    1767036762.8020039,
    1767036794.9738903,
    1767036877.4892492,
    1767036906.9028888,
    1767036979.643029,
    1767037011.0954592,
    1767037091.8493266,
    1767037127.483637,
    1767037210.6227393,
    1767037250.8150675,
    1767037326.2990794,
    1767037361.4446251,
    1767037429.0480037,
    1767037465.992772,
    1767037539.1855628,
    1767037577.4626658,
    1767037653.0345552,
    1767037683.9901307,
    1767037761.270025,
    1767037800.4928675,
    1767037832.6986864,
    1767037868.7533367,
    1767037904.1992555,
    1767037943.3228803,
    1767037982.9126966
  ],
  "Agent-2->Agent-7": [
    1767030958.0729346,
    1767031167.8678648,
    1767031387.6124952,
    1767031464.3794358,
    1767031650.3745117,
    1767031767.0805504,
    1767032347.3924494,
    1767032612.2055566,
    1767032679.7213113,
    1767032743.2591527,
    1767033103.0364118,
    1767033259.1493216,
    1767033317.3848917,
    1767033437.278923,
    1767033613.769461,
    1767033671.6946385,
    1767033775.678785,
    1767033924.7155943,
    1767033979.313928,
    1767034074.0494492,
    1767034217.8857212,
    1767034264.5097246,
    1767034365.9525654,
    1767034506.3667011,
    1767034552.4923022,
    1767034650.458363,
    1767034751.4492462,
    1767034802.9918683,
    1767034943.244622,
    1767034994.791695,
    1767035044.6411352,
    1767035188.5333877,
    1767035240.1123378,
    1767035291.6115081,
    1767035453.554282,
    1767035522.4238405,
    1767035580.2815814,
    1767035695.6358168,
    1767035746.9373605,
    1767035842.0057719,
    1767035943.8930764,
    1767036000.0497496,
    1767036057.6567068,
    1767036325.1544597,
    1767036372.8019772,
    1767036501.2531853,
    1767036544.2757394,
    1767036630.472327,
    1767036666.55942,
    1767036739.4312284,
    1767036779.4129856,
    1767036847.7679274,
    1767036887.624702,
    1767036960.8521216,
    1767036994.8259869,
    1767037065.174084,
    1767037107.684621,
    1767037189.6305447,
    1767037230.3310003,
    1767037306.2351615,
    1767037343.2232175,
    1767037410.4543242,
    1767037449.5056274,
    1767037520.7191067,
    1767037554.4371793,
    1767037631.7459974,
    1767037668.818721,
    1767037739.6831512,
    1767037781.3113487,
    1767037816.6373992,
    1767037851.495727,
    1767037884.763681,
    1767037923.7955132,
    1767037962.3064947,
    1767038004.742407
  ],
  "CAPTAIN->Agent-7": [
    1766920198.1832182,
    1766920728.2779694,
    1766921685.9996068,
    1766930518.2794366,
    1766935379.370683,
    1766955484.94296,
    1766957417.680557
  ],
  "CAPTAIN->Agent-8": [
    1766932293.4811935,
    1766936602.705841,
    1766938336.156796,
    1766954232.8500288,
    1766954707.909019,
    1766957249.15515,
    1766957661.8858232
  ],
  "CAPTAIN->Agent-5": [
    1766681969.7101922,
    1766728946.5620697,
    1766732365.7886972
  ],
  "Agent-5->Agent-4": [
    1767039357.013529
  ],
  "Agent-5->Agent-8": [
    1766954911.5512722,
    1766955123.5910027,
    1766957113.329573,
    1766959307.5723183,
    1767031274.110088,
    1767038423.1652663
  ],
  "CAPTAIN->Agent-1": [
    1766681642.1207232,
    1766698967.8220723,
    1766728858.1615279,
    1766732201.8560848
  ],
  "CAPTAIN->Agent-2": [
    1766732234.4989398,
    1766817790.0764072
  ],
  "Agent-2->Agent-4": [
    1767041039.6112068,
    1767041183.6388795
  ],
  "Agent-6->Agent-7": [
    1766690134.5990367,
    1766696270.8970995,
    1766726144.5664759,
    1766729243.8311589,
    1766750757.9343522,
    1766753175.2851639,
    1766769658.3881066
  ],
  "Agent-6->Agent-5": [
    1766690006.1639256,
    1766696393.711868,
    1766726539.2285683,
    1766751089.375309,
    1766769600.4008756
  ],
  "Agent-7->Agent-6": [
    1766690186.6808956,
    1766696065.7130818,
    1766731233.3057413,
    1766752009.8124309,
    1766771246.0817175
  ],
  "CAPTAIN->Agent-3": [
    1766920953.6311464,
    1766935250.7586374,
    1766937454.6412632,
    1766937926.5959651,
    1766955598.233643
  ],
  "Agent-3->Agent-4": [
    1767034640.3514028,
    1767035088.183437,
    1767035542.9313054,
    1767035696.2497492,
    1767035756.224993,
    1767035823.4631455,
    1767035942.9448934,
    1767036003.294283,
    1767036077.393306,
    1767036132.624877,
    1767036184.8349514,
    1767036238.7514772,
    1767036362.9833195,
    1767041152.6901584
  ],
  "CAPTAIN->Agent-6": [
    1766689349.3113465,
    1766729223.590724,
    1766732463.1245394,
    1766770186.4975328
  ],
  "Agent-3->Agent-7": [
    1766873474.4872587,
    1766875622.418443,
    1766876570.2779667,
    1766898389.6855426
  ],
  "Agent-6->Agent-4": [
    1766690101.1646945,
    1766729384.185048,
    1766732600.1977036,
    1766769549.6296954
  ],
  "Agent-7->Agent-3": [
    1766682242.4056077,
    1766731142.9173813,
    1766752312.8497264
  ],
  "Agent-5->Agent-6": [
    1766697081.6653237,
    1766726668.7115347,
    1766750883.3912055,
    1766770383.1086907
  ],
  "Agent-3->Agent-5": [
    1766697962.5428777,
    1766709461.1372669
  ],
  "Agent-7->Agent-4": [
    1766920400.7093978,
    1766920902.1597629,
    1766922165.2698565,
    1766955366.3656843,
    1766955677.7160408,
    1766958028.4261632,
    1766959972.818274
  ],
  "CAPTAIN->Agent-4": [
    1766699181.526359
  ],
  "Agent-1->Agent-7": [
    1767046187.401967
  ],
  "Agent-7->Agent-1": [
    1767046288.8162751
  ],
  "Agent-1->Agent-6": [
    1767046099.4789627
  ],
  "Agent-5->Agent-3": [
    1766710223.7109842
  ],
  "Agent-7->Agent-5": [
    1766918121.0227313,
    1766918746.6585417,
    1766919715.0131638,
    1766920216.069809
  ],