{
  "Agent-1->Agent-7": [
    1767056032.0624013,
    1767057016.0932543,
    1767057663.842031,
    1767057917.1752694,
    1767058121.2933297,
    1767058404.9065144,
    1767058623.2373202,
    1767059094.4859576,
    1767060003.5247204
  ],
  "Agent-2->Agent-1": [
    1767056033.842054,
    1767056240.7075162,
    1767058568.070226,
    1767058872.9380007,
    1767059171.5814505,
    1767059973.7776158,
    1767088960.6892095,
    1767089589.8376644,
    1767090574.903016,
    1767095803.9956234,
    1767098379.6369188,
    1767099170.2073069,
    1767101134.924031,
    1767105162.9720407
  ],
  "Agent-5->Agent-4": [
    1767056045.9900308,
    1767056802.0864487,
    1767057040.0653303,
    1767057781.199292,
    1767058765.320663,
    1767058896.4668782,
    1767059290.665971,
    1767059406.8397899,
    1767059632.0668855,
    1767060002.8481076,
    1767060189.61158,
    1767060633.4275916,
    1767060939.8409033,
    1767061625.0671103,
    1767061871.4079597,
    1767062124.960365,
    1767062386.9695933,
    1767062600.2791834,
    1767062861.3613598,
    1767062966.0684516,
    1767063349.023726,
    1767063592.2973645,
    1767063737.716651,
    1767064266.8955715,
    1767064558.6325269,
    1767064813.2145607,
    1767065071.1993885,
    1767065352.5212646,
    1767065614.8896494,
    1767065850.126292,
    1767066085.6320267,
    1767066229.3576698,
    1767066478.568458,
    1767066714.775361,
    1767067003.5327291,
    1767067256.006691,
    1767067396.5323176,
    1767067681.6625264,
    1767067944.26669,
    1767068242.7237034,
    1767068494.5970724,
    1767068728.699846,
    1767068965.3860254,
    1767069216.6564493,
    1767069669.2241104,
    1767069772.975855,
    1767070022.4090095,
    1767070100.1369646,
    1767070339.8114035,
    1767070429.7589905,
    1767070580.8660283,
    1767070756.4559398,
    1767070909.1862245,
    1767070978.3808773,
    1767071155.7589655,
    1767071366.3927739,
    1767071563.9521658,
    1767071753.2351058,
    1767071947.6795018,
    1767072128.8635767,
    1767072303.3394675,
    1767090444.433979,
    1767092185.7995558,
    1767093606.6449187
  ],
  "Agent-7->Agent-1": [
    1767056127.2440057,
    1767057101.4068863,
    1767057786.225442,
    1767058013.0314152,
    1767058267.4121304,
    1767058503.380233,
    1767058743.9102428,
    1767059190.477528,
    1767100199.6568766,
    1767102000.254798,
    1767102955.4847388,
    1767103488.45306
  ],
  "Agent-2->Agent-4": [
    1767056142.066286,
    1767056374.542508,
    1767056486.586367,
    1767058115.8514833,
    1767058723.622497,
    1767059004.9924417,
    1767059333.666028,
    1767059482.3009472,
    1767059642.2540038,
    1767059817.7833056,
    1767060114.7863874,
    1767085688.8930743,
    1767086824.756298,
    1767087148.3543565,
    1767087732.9704094,
    1767088740.7863176,
    1767089156.6793325,
    1767090908.451482,
    1767095462.4714172,
    1767096230.12736,
    1767096451.8363872,
    1767096667.3656876,
    1767097106.4597378,
    1767097384.8060272,
    1767097528.2355242,
    1767097871.471634,
    1767098025.1639,
    1767098193.4087589,
    1767098581.0101566,
    1767098750.6830466,
    1767098888.2218804,
    1767101420.2558713,
    1767102168.8121629,
    1767102932.9730992,
    1767103806.6640706,
    1767104155.2561285,
    1767104579.8304522,
    1767104826.0573459
  ],
  "Agent-1->Agent-2": [
    1767056171.4468741,
    1767056414.1483595,
    1767056901.313103,
    1767057287.03841,
    1767058911.3652008,
    1767059249.306679,
    1767059831.2992368,
    1767060740.8070679
  ],
  "CAPTAIN->Agent-1": [
    1767056220.3661172,
    1767057231.2729816,
    1767058107.5565436,
    1767058541.999078,
    1767058992.7474813,
    1767059599.770764,
    1767060340.0202112,
    1767061318.6458848,
    1767062058.977628,
    1767062484.7247438,
    1767062892.0242088,
    1767063206.0133424,
    1767063644.556299,
    1767064058.760876,
    1767064549.0583308,
    1767064834.226277,
    1767065109.4711623,
    1767065537.460364,
    1767065824.65864,
    1767066639.6725757,
    1767066917.0742376,
    1767067291.2346318,
    1767067529.533693,
    1767067814.6530054,
    1767068058.6191127,
    1767068338.603202,
    1767068603.8810575,
    1767068879.4644053,
    1767069213.1301928,
    1767069408.3472052,
    1767069591.4949012,
    1767069681.8585832,
    1767069976.3626506,
    1767070091.995334,
    1767070379.2437742,
    1767070462.534144,
    1767070781.0197847,
    1767070961.0622869,
    1767071194.2197778,
    1767071357.4646447,
    1767071434.6907017,
    1767071595.0591118,
    1767071674.5384786,
    1767071832.925098,
    1767071980.3656423,
    1767072146.0035923,
    1767086076.6991444,
    1767086346.941995,
    1767086561.518539,
    1767086708.0278237,
    1767086877.7753694,
    1767087214.034439,
    1767087346.4543233,
    1767087476.9000828,
    1767087748.0047328,
    1767087996.15989,
    1767088282.2423847,
    1767088411.5516782,
    1767088581.3941405,
    1767088728.0937269,
    1767089018.1491003,
    1767089284.267394,
    1767089410.1592112,
    1767090578.7306764,
    1767090910.473155,
    1767091148.4038122,
    1767091390.8442154,
    1767091593.7169974,
    1767091674.0315533,
    1767091793.6420293,
    1767091839.641376,
    1767092210.328598,
    1767092371.7753808,
    1767092501.0106666,
    1767092586.8910875,
    1767092987.097234,
    1767093159.4733708,
    1767093607.4872823,
    1767093673.2225296,
    1767093869.3276765,
    1767094101.706692,
    1767094159.0746796,
    1767094289.7563415,
    1767094393.62121,
    1767095035.0707586,
    1767095177.5766115,
    1767095883.8291974,
    1767095985.1034214,
    1767096544.9719818,
    1767096679.6905417,
    1767096739.5724063,
    1767097182.6583753,
    1767097553.9293354,
    1767098024.7580154,
    1767098189.229443,
    1767098701.1034687,
    1767099864.4822729,
    1767100473.6782222,
    1767101445.6277585,
    1767102059.9422815,
    1767102185.679605,
    1767102349.8235998,
    1767102682.1754725,
    1767102933.755324,
    1767103067.832913,
    1767103849.1381938,
    1767104973.8109715
  ],