{
  "Agent-2->Agent-4": [
    1767055058.375042
  ],
  "Agent-5->Agent-4": [
    1767055101.8875759
  ]
}