{
  "Agent-1->Agent-5": [
    1766357822.5515482
  ],
  "Agent-1->Agent-4": [
    1766681738.4411833,
    1766699119.8802853,
    1766728900.6872962,
    1766732234.8572667
  ],
  "Agent-1->Agent-2": [
    1766681935.0227437,
    1766710455.1296065,
    1766733035.26881
  ],
  "Agent-2->Agent-2": [
    1766361272.6599033
  ],
  "Agent-2->Agent-1": [
    1766681839.7103314,
    1766710887.0169184,
    1766732958.2309976,
    1766768029.189432
  ],
  "Agent-5->Agent-2 (Co-Captain)": [
    1766361488.52067
  ],
  "Agent-6->Agent-2 (Co-Captain)": [
    1766361501.7042053
  ],
  "Agent-7->Agent-2": [
    1766697793.2178657,
    1766711681.5526483,
    1766758530.9142838,
    1766770387.584693
  ],
  "Agent-2->Agent-7": [
    1766682254.3331678,
    1766697208.1534748,
    1766710188.8134549,
    1766756598.1664412,
    1766758631.497275
  ],
  "CAPTAIN->Agent-7": [
    1766920198.1832182,
    1766920728.2779694,
    1766921685.9996068,
    1766930518.2794366,
    1766935379.370683,
    1766955484.94296,
    1766957417.680557
  ],
  "CAPTAIN->Agent-8": [
    1766932293.4811935,
    1766936602.705841,
    1766938336.156796,
    1766954232.8500288,
    1766954707.909019,
    1766957249.15515,
    1766957661.8858232
  ],
  "CAPTAIN->Agent-5": [
    1766681969.7101922,
    1766728946.5620697,
    1766732365.7886972
  ],
  "Agent-5->Agent-4": [
    1766682319.7620556,
    1766729007.0003307,
    1766732526.3429248
  ],
  "Agent-5->Agent-8": [
    1766919162.633183,
    1766919603.2809331,
    1766920183.2527845,
    1766921054.4787567,
    1766921274.2249117,
    1766954911.5512722,
    1766955123.5910027,
    1766957113.329573,
    1766959307.5723183
  ],
  "CAPTAIN->Agent-1": [
    1766681642.1207232,
    1766698967.8220723,
    1766728858.1615279,
    1766732201.8560848
  ],
  "CAPTAIN->Agent-2": [
    1766732234.4989398,
    1766817790.0764072
  ],
  "Agent-2->Agent-4": [
    1766732338.8657627,
    1766817888.359307
  ],
  "Agent-6->Agent-7": [
    1766690134.5990367,
    1766696270.8970995,
    1766726144.5664759,
    1766729243.8311589,
    1766750757.9343522,
    1766753175.2851639,
    1766769658.3881066
  ],
  "Agent-6->Agent-5": [
    1766690006.1639256,
    1766696393.711868,
    1766726539.2285683,
    1766751089.375309,
    1766769600.4008756
  ],
  "Agent-7->Agent-6": [
    1766690186.6808956,
    1766696065.7130818,
    1766731233.3057413,
    1766752009.8124309,
    1766771246.0817175
  ],
  "CAPTAIN->Agent-3": [
    1766920953.6311464,
    1766935250.7586374,
    1766937454.6412632,
    1766937926.5959651,
    1766955598.233643
  ],
  "Agent-3->Agent-4": [
    1766931352.6341405,
    1766932613.849614,
    1766935072.0829191
  ],
  "CAPTAIN->Agent-6": [
    1766689349.3113465,
    1766729223.590724,
    1766732463.1245394,
    1766770186.4975328
  ],
  "Agent-3->Agent-7": [
    1766873474.4872587,
    1766875622.418443,
    1766876570.2779667,
    1766898389.6855426
  ],
  "Agent-6->Agent-4": [
    1766690101.1646945,
    1766729384.185048,
    1766732600.1977036,
    1766769549.6296954
  ],
  "Agent-7->Agent-3": [
    1766682242.4056077,
    1766731142.9173813,
    1766752312.8497264
  ],
  "Agent-5->Agent-6": [
    1766697081.6653237,
    1766726668.7115347,
    1766750883.3912055,
    1766770383.1086907
  ],
  "Agent-3->Agent-5": [
    1766697962.5428777,
    1766709461.1372669
  ],
  "Agent-7->Agent-4": [
    1766920400.7093978,
    1766920902.1597629,
    1766922165.2698565,
    1766955366.3656843,
    1766955677.7160408,
    1766958028.4261632
  ],
  "CAPTAIN->Agent-4": [
    1766699181.526359
  ],
  "Agent-1->Agent-7": [
    1766699208.0460563,
    1766709264.172876,
    1766729395.201281,
    1766751881.7080152
  ],
  "Agent-7->Agent-1": [
    1766709471.7263122,
    1766730314.6471229,
    1766752225.1506226
  ],
  "Agent-1->Agent-6": [
    1766709506.7376986,
    1766726573.6529405,
    1766729018.8818312
  ],
  "Agent-5->Agent-3": [
    1766710223.7109842
  ],
  "Agent-7->Agent-5": [
    1766918121.0227313,
    1766918746.6585417,
    1766919715.0131638,
    1766920216.069809
  ],
  "Agent-2->Agent-5": [
    1766711198.95388
  ],
  "Agent-5->Agent-2": [
    1766711881.6877615
  ],
  "Agent-5->Agent-7": [
    1766917267.2764897,
    1766918346.0526097,
    1766918920.0024064,
    1766919971.650689
  ],
  "Agent-6->Agent-3": [
    1766726242.4803705,
    1766753137.4239178,
    1766756282.0634289,
    1766768653.1739001
  ],
  "Agent-3->Agent-6": [
    1766726335.6241453,
    1766753176.7124543,
    1766756665.0617144,
    1766769139.5685146
  ],
  "Agent-6->Agent-1": [
    1766726338.4984586,
    1766729193.787522,
    1766768373.1309907
  ],
  "Agent-6->Agent-2": [
    1766726461.185167,
    1766768484.657741
  ],
  "Agent-2->Agent-6": [
    1766726582.1300914,
    1766769305.87758
  ],
  "Agent-2->Agent-8": [
    1766730244.9457889
  ],
  "Agent-1->Agent-8": [
    1766730489.2731273,
    1766733352.2344425,
    1766746642.304665
  ],
  "Agent-8->Agent-1": [
    1766730745.1832325,
    1766733294.2535725
  ],
  "Agent-2->Agent-3": [
    1766749060.7391005
  ],
  "Agent-3->Agent-2": [
    1766749437.7024884
  ],
  "Agent-1->Agent-3": [
    1766751809.4226687
  ],
  "Agent-3->Agent-1": [
    1766752222.8780713
  ],
  "Agent-6->Agent-8": [
    1766769721.9391334
  ],
  "Agent-8->Agent-6": [
    1766931911.9183333
  ],
  "Agent-8->Agent-5": [
    1766919314.553456,
    1766919770.217144,
    1766920873.9096808,
    1766921105.3346362,
    1766922328.8265154,
    1766922895.3236399,
    1766929606.353923,
    1766957216.572213
  ],
  "Agent-8->Agent-4": [
    1766932041.644519,
    1766936248.869225,
    1766936719.029223,
    1766938463.4545121,
    1766954272.4988294,
    1766955548.947999
  ],
  "Agent-8->Agent-7": [
    1766936095.6323366
  ],
  "Agent-7->Agent-8": [
    1766958122.6865003
  ]
}