{
  "Agent-1->Agent-7": [
    1768121256.5713868,
    1768122025.4611452,
    1768122212.0573676,
    1768165538.5133579,
    1768165724.3812127,
    1768165861.3139088
  ],
  "Agent-2->Agent-1": [
    1768122543.4016652,
    1768122672.2955656,
    1768127034.2974396
  ],
  "Agent-5->Agent-4": [
    1767822000.8459468,
    1767825742.8309093,
    1767826830.1506581,
    1767827409.7580345,
    1767827946.0286922,
    1767828462.9560316,
    1767828819.8630245,
    1767829523.5533392,
    1767870294.4587631,
    1767876310.0940886,
    1767876695.7029924,
    1767876834.182071,
    1767880188.8060462,
    1767881977.1273427,
    1767882601.3092575,
    1767883858.7274623,
    1767884920.2795238,
    1767885282.2292383
  ],
  "Agent-7->Agent-1": [
    1768121468.085955,
    1768125626.2691488,
    1768127979.1926055,
    1768132307.6333025,
    1768165571.1471946,
    1768165745.7922604,
    1768165874.1855404
  ],
  "Agent-2->Agent-4": [
    1768044282.9181483,
    1768044403.4437642,
    1768082957.560431,
    1768095532.9757695
  ],
  "Agent-1->Agent-2": [
    1768120876.0683503,
    1768123561.8113415,
    1768123929.3543136,
    1768124155.1925948
  ],
  "CAPTAIN->Agent-1": [
    1768119035.9828937
  ],
  "Agent-3->Agent-6": [
    1767056240.050806,
    1767056409.7797873,
    1767056576.8809695,
    1767056721.4545195,
    1767057243.3534465,
    1767057435.4717357,
    1767057685.4358501,
    1767058101.906168,
    1767058324.9728315,
    1767058489.2382133,
    1767058665.7725587,
    1767058853.2909014,
    1767058994.572142,
    1767059151.595038,
    1767059478.4322274,
    1767059727.5280275,
    1767059907.6642396,
    1767060049.5878642,
    1767060182.9258535,
    1767060496.2307763,
    1767060673.3995543,
    1767060824.0990052,
    1767060988.2566977,
    1767061134.777167,
    1767061283.4914474,
    1767061598.558073,
    1767061733.7194932,
    1767061894.3381424,
    1767062037.5758648,
    1767062162.112586,
    1767062301.0674512,
    1767062459.33941,
    1767062585.775541,
    1767062741.1299167,
    1767062897.0645564,
    1767063038.1212509,
    1767063185.8925111,
    1767063328.7694147,
    1767063479.6061606,
    1767063621.466926,
    1767063772.7979398,
    1767063915.929083,
    1767064098.3818204,
    1767064238.7997181,
    1767064395.788515,
    1767064566.5881586,
    1767064705.9822626,
    1767064859.3705864,
    1767065012.241764,
    1767065186.10255,
    1767065330.6030362,
    1767065492.3994012,
    1767065630.019815,
    1767065786.1758842,
    1767065927.4373057,
    1767066053.1477106,
    1767066196.4410052,
    1767066320.58832,
    1767066476.048557,
    1767066612.9178889,
    1767066761.9146373,
    1767066926.3711827,
    1767067065.003687,
    1767067210.8490286,
    1767067377.93312,
    1767067524.6078672,
    1767067677.215146,
    1767067815.8426034,
    1767067949.439118,
    1767068199.9532878,
    1767068468.6978981,
    1767068575.4235709,
    1767068699.7722487,
    1767068824.9470203,
    1767068970.803664
  ],
  "Agent-1->Agent-4": [
    1768120324.2091439,
    1768120677.2394085,
    1768169040.538315,
    1768169091.2685885
  ],
  "CAPTAIN->Agent-2": [
    1768094857.9886205,
    1768094983.7140722,
    1768095071.4687734,
    1768095137.9996731,
    1768095558.3818758
  ],
  "Agent-1->Agent-5": [
    1768118415.8865044,
    1768120026.829556,
    1768120141.3839862
  ],
  "CAPTAIN->Agent-5": [
    1768118507.4741752
  ],
  "Agent-5->Agent-1": [
    1768118780.7763147
  ],
  "Agent-1->Agent-6": [
    1768121102.535277,
    1768121630.17833,
    1768121847.8885272
  ],
  "Agent-8->Agent-5": [
    1767085429.2972043,
    1767085704.4013338,
    1767086257.2008283,
    1767086455.2290828,
    1767086670.5307097,
    1767086840.417825,
    1767087011.5612683,
    1767087232.875935,
    1767087403.9466841,
    1767087615.0781097,
    1767087831.608519,
    1767088029.1339765,
    1767088229.10208,
    1767088438.1421723,
    1767088637.4179277,
    1767088844.3244429,
    1767089035.2060034,
    1767089290.0557442,
    1767089564.7559252,
    1767095535.742574,
    1767095914.4998538
  ],
  "Agent-5->Agent-8": [
    1767085633.2719798,
    1767085803.122483,
    1767086330.0070012,
    1767086577.4304757,
    1767086743.4649994,
    1767086923.562314,
    1767087118.0741801,
    1767087313.5754786,
    1767087499.1454728,
    1767087707.1929162,
    1767087925.55719,
    1767088113.0807881,
    1767088348.5753136,
    1767088516.7658193,
    1767088714.5781415,
    1767088936.672204,
    1767089465.2665927,
    1767095747.5524197,
    1767096367.0473974
  ],
  "Agent-3->Agent-4": [
    1768091497.5409944,
    1768092945.6501763,
    1768093025.759736
  ],
  "Agent-7->Agent-4": [
    1768084498.535294,
    1768084859.4314113,
    1768085092.2670512,
    1768085135.049141,
    1768085190.2166865,
    1768085215.2915552,
    1768088477.0708966,
    1768089285.64228,
    1768089786.1090274,
    1768090012.6282437,
    1768090217.7242959,
    1768090305.2213,
    1768090535.7674835,
    1768092028.0047271,
    1768093433.0637558,
    1768093810.3249896,
    1768093845.4621265,
    1768094249.4876306,
    1768094910.5847416,
    1768118279.0033557,
    1768118475.1722116,
    1768131844.79291,
    1768132345.1145434,
    1768132725.7576773,
    1768132988.9189832,
    1768133161.7677755,
    1768133210.1725934,
    1768133286.365856,
    1768133342.2503207,
    1768133420.621961,
    1768133482.7290175,
    1768133519.3695722,
    1768133577.530801,
    1768133610.0751235
  ],
  "CAPTAIN->Agent-7": [
    1768090170.5951755,
    1768118312.5960512,
    1768118553.074654,
    1768118794.0833898,
    1768132246.2846072,
    1768132704.5757487,
    1768132849.1747127,
    1768133078.8662484,
    1768133192.0663934,
    1768133267.998934,
    1768133324.4935527,
    1768133404.8643196,
    1768133463.9645543,
    1768133501.926,
    1768133551.99508,
    1768133593.984566
  ],
  "Agent-8->Agent-4": [
    1768118813.5136645,
    1768120291.9517097
  ],
  "Agent-2->Agent-6": [
    1767095199.9149168,
    1767096033.474336,
    1767096891.1689005,
    1767097699.3835995,
    1767137704.0565822,
    1767140331.631985,
    1767140455.5322657,
    1767143636.1825323,
    1767144052.4047828,
    1767144199.992661,
    1767144358.4259584,
    1767145635.7910774,
    1767178513.3314352,
    1767178842.0250154,
    1767179172.6824722
  ],
  "Agent-8->Agent-6": [
    1768122436.1349924
  ],
  "CAPTAIN->Agent-6": [
    1768118699.7718205
  ],
  "Agent-5->Agent-6": [
    1767092022.0811415,
    1767092748.6668878,
    1767149119.2485313,
    1767156898.573034,
    1767158097.367325,
    1767158700.6883337
  ],
  "CAPTAIN->Agent-8": [
    1768118359.0848997,
    1768118952.4848661
  ],
  "CAPTAIN->Agent-3": [
    1767870082.3309202,
    1767874907.7217607
  ],
  "Agent-6->Agent-4": [
    1768120063.0726871,
    1768128934.0549195
  ],
  "Agent-6->Agent-2": [
    1767137944.8972766,
    1767138316.8763824,
    1767140426.6245577,
    1767140860.5876942,
    1767143743.2069075,
    1767144200.5081718,
    1767145461.644271,
    1767145828.2384508,
    1767146041.5710866,
    1767147434.668459
  ],
  "Agent-8->Agent-2": [
    1767139834.4535928,
    1767140516.997879
  ],
  "Agent-2->Agent-8": [
    1767139947.7347484,
    1767143778.232813
  ],
  "Agent-6->Agent-3": [
    1767145552.46936,
    1767147986.0446296
  ],
  "Agent-6->Agent-1": [
    1768121198.8263195,
    1768121613.7686143,
    1768126079.7535577
  ],
  "Agent-6->Agent-5": [
    1767147910.6128752,
    1767149490.808672,
    1767157972.0070522,
    1767158520.08447,
    1767159149.8587132
  ],