{
  "Agent-5->Agent-6": [
    1768309583.6832354,
    1768309835.4080045,
    1768309904.8750458
  ],
  "Agent-6->Agent-5": [
    1768309634.2779126,
    1768309882.232414,
    1768310337.5179307
  ]
}