{
  "index": {
    "agent": {
      "f9bec58c2d011e213f1cb38121bcd273_0": 0.12878787878787878,
      "b117ba8579fb494f713e703798f66f4e_0": 0.10650887573964497,
      "ab0c60f8afdcfb02d7ba1b974251f5a9_0": 0.15079365079365079,
      "326bd0f8f75be3df18df716c568347ee_0": 0.10256410256410256
    },
    "need": {
      "f9bec58c2d011e213f1cb38121bcd273_0": 0.16666666666666669,
      "326bd0f8f75be3df18df716c568347ee_0": 0.13186813186813187
    },
    "help": {
      "f9bec58c2d011e213f1cb38121bcd273_0": 0.24242424242424246
    },
    "integration": {
      "f9bec58c2d011e213f1cb38121bcd273_0": 0.24242424242424246
    },
    "task": {
      "f9bec58c2d011e213f1cb38121bcd273_0": 0.24242424242424246
    },
    "messaging": {
      "f9bec58c2d011e213f1cb38121bcd273_0": 0.16666666666666669,
      "b117ba8579fb494f713e703798f66f4e_0": 0.13186813186813187
    },
    "system": {
      "f9bec58c2d011e213f1cb38121bcd273_0": 0.16666666666666669,
      "b117ba8579fb494f713e703798f66f4e_0": 0.26373626373626374
    },
    "needs": {
      "f9bec58c2d011e213f1cb38121bcd273_0": 0.24242424242424246
    },
    "a2a": {
      "f9bec58c2d011e213f1cb38121bcd273_0": 0.16666666666666669,
      "b117ba8579fb494f713e703798f66f4e_0": 0.13186813186813187
    },
    "communication": {
      "f9bec58c2d011e213f1cb38121bcd273_0": 0.24242424242424246
    },
    "support": {
      "f9bec58c2d011e213f1cb38121bcd273_0": 0.24242424242424246
    },
    "captain": {
      "b117ba8579fb494f713e703798f66f4e_0": 0.20512820512820515
    },
    "update": {
      "b117ba8579fb494f713e703798f66f4e_0": 0.20512820512820515
    },
    "enhanced": {
      "b117ba8579fb494f713e703798f66f4e_0": 0.20512820512820515
    },
    "s2a": {
      "b117ba8579fb494f713e703798f66f4e_0": 0.20512820512820515
    },
    "h2a": {
      "b117ba8579fb494f713e703798f66f4e_0": 0.20512820512820515
    },
    "types": {
      "b117ba8579fb494f713e703798f66f4e_0": 0.20512820512820515
    },
    "implemented": {
      "b117ba8579fb494f713e703798f66f4e_0": 0.20512820512820515
    },
    "successfully": {
      "b117ba8579fb494f713e703798f66f4e_0": 0.20512820512820515
    },
    "human": {
      "3d391f46922f0ec5dc382f451c959c83_0": 0.22222222222222224
    },
    "operator": {
      "3d391f46922f0ec5dc382f451c959c83_0": 0.22222222222222224
    },
    "please": {
      "3d391f46922f0ec5dc382f451c959c83_0": 0.22222222222222224
    },
    "check": {
      "3d391f46922f0ec5dc382f451c959c83_0": 0.22222222222222224
    },
    "database": {
      "3d391f46922f0ec5dc382f451c959c83_0": 0.3055555555555556,
      "ab0c60f8afdcfb02d7ba1b974251f5a9_0": 0.1904761904761905
    },
    "connection": {
      "3d391f46922f0ec5dc382f451c959c83_0": 0.22222222222222224
    },
    "ensure": {
      "3d391f46922f0ec5dc382f451c959c83_0": 0.1527777777777778,
      "326bd0f8f75be3df18df716c568347ee_0": 0.13186813186813187
    },
    "all": {
      "3d391f46922f0ec5dc382f451c959c83_0": 0.1527777777777778,
      "326bd0f8f75be3df18df716c568347ee_0": 0.13186813186813187
    },
    "agents": {
      "3d391f46922f0ec5dc382f451c959c83_0": 0.22222222222222224
    },
    "access": {
      "3d391f46922f0ec5dc382f451c959c83_0": 0.22222222222222224
    },
    "vector": {
      "3d391f46922f0ec5dc382f451c959c83_0": 0.1527777777777778,
      "ab0c60f8afdcfb02d7ba1b974251f5a9_0": 0.1904761904761905
    },
    "implementation": {
      "ab0c60f8afdcfb02d7ba1b974251f5a9_0": 0.29629629629629634
    },
    "completed": {
      "ab0c60f8afdcfb02d7ba1b974251f5a9_0": 0.29629629629629634
    },
    "ready": {
      "ab0c60f8afdcfb02d7ba1b974251f5a9_0": 0.29629629629629634
    },
    "semantic": {
      "ab0c60f8afdcfb02d7ba1b974251f5a9_0": 0.29629629629629634
    },
    "search": {
      "ab0c60f8afdcfb02d7ba1b974251f5a9_0": 0.29629629629629634
    },
    "capabilities": {
      "ab0c60f8afdcfb02d7ba1b974251f5a9_0": 0.29629629629629634
    },
    "architecture": {
      "326bd0f8f75be3df18df716c568347ee_0": 0.20512820512820515
    },
    "review": {
      "326bd0f8f75be3df18df716c568347ee_0": 0.20512820512820515
    },
    "needed": {
      "326bd0f8f75be3df18df716c568347ee_0": 0.20512820512820515
    },
    "compliance": {
      "326bd0f8f75be3df18df716c568347ee_0": 0.20512820512820515
    },
    "components": {
      "326bd0f8f75be3df18df716c568347ee_0": 0.20512820512820515
    },
    "follow": {
      "326bd0f8f75be3df18df716c568347ee_0": 0.20512820512820515
    },
    "300": {
      "326bd0f8f75be3df18df716c568347ee_0": 0.20512820512820515
    },
    "line": {
      "326bd0f8f75be3df18df716c568347ee_0": 0.20512820512820515
    },
    "limit": {
      "326bd0f8f75be3df18df716c568347ee_0": 0.20512820512820515
    }
  },
  "doc_frequencies": {
    "need": 8,
    "agent": 16,
    "messaging": 8,
    "communication": 4,
    "help": 4,
    "system": 8,
    "a2a": 8,
    "support": 4,
    "integration": 4,
    "task": 4,
    "needs": 4,
    "types": 4,
    "update": 4,
    "implemented": 4,
    "h2a": 4,
    "enhanced": 4,
    "s2a": 4,
    "successfully": 4,
    "captain": 4,
    "all": 8,
    "ensure": 8,
    "human": 4,
    "vector": 8,
    "operator": 4,
    "database": 8,
    "check": 4,
    "agents": 4,
    "access": 4,
    "connection": 4,
    "please": 4,
    "implementation": 4,
    "semantic": 4,
    "capabilities": 4,
    "completed": 4,
    "search": 4,
    "ready": 4,
    "architecture": 4,
    "review": 4,
    "needed": 4,
    "components": 4,
    "300": 4,
    "line": 4,
    "limit": 4,
    "compliance": 4,
    "follow": 4
  },
  "total_docs": 5
}
