{
  "index": {
    "agent": {
      "77da50bf9c3b7f89fd494a57f89ed45f_0": 0.14285714285714285,
      "8c2e10a3d170cb6e2eed381662138f14_0": 0.2857142857142857,
      "43444462de76fb4efec854ec9ab86d66_0": 0.3333333333333333,
      "b5e7b14e331a7f79021c99bc49fc0ff3_0": 0.25,
      "582323a3fd140021464a0371b160d597_0": 0.2857142857142857,
      "1dc838d748bf9f04c48743bb5306f3fb_0": 0.18181818181818182
    },
    "integration": {
      "77da50bf9c3b7f89fd494a57f89ed45f_0": 0.14285714285714285,
      "8c2e10a3d170cb6e2eed381662138f14_0": 0.2857142857142857,
      "582323a3fd140021464a0371b160d597_0": 0.42857142857142855
    },
    "specialist": {
      "77da50bf9c3b7f89fd494a57f89ed45f_0": 0.14285714285714285,
      "b5e7b14e331a7f79021c99bc49fc0ff3_0": 0.5
    },
    "expertise": {
      "77da50bf9c3b7f89fd494a57f89ed45f_0": 0.14285714285714285
    },
    "core": {
      "77da50bf9c3b7f89fd494a57f89ed45f_0": 0.14285714285714285
    },
    "systems": {
      "77da50bf9c3b7f89fd494a57f89ed45f_0": 0.14285714285714285
    },
    "messaging": {
      "77da50bf9c3b7f89fd494a57f89ed45f_0": 0.14285714285714285,
      "8c2e10a3d170cb6e2eed381662138f14_0": 0.2857142857142857,
      "1dc838d748bf9f04c48743bb5306f3fb_0": 0.3181818181818182
    },
    "successfully": {
      "8c2e10a3d170cb6e2eed381662138f14_0": 0.14285714285714285,
      "582323a3fd140021464a0371b160d597_0": 0.7142857142857142
    },
    "completed": {
      "8c2e10a3d170cb6e2eed381662138f14_0": 0.14285714285714285,
      "b5e7b14e331a7f79021c99bc49fc0ff3_0": 0.5
    },
    "system": {
      "8c2e10a3d170cb6e2eed381662138f14_0": 0.14285714285714285,
      "1dc838d748bf9f04c48743bb5306f3fb_0": 1.0909090909090908
    },
    "task": {
      "8c2e10a3d170cb6e2eed381662138f14_0": 0.14285714285714285
    },
    "need": {
      "43444462de76fb4efec854ec9ab86d66_0": 0.16666666666666666
    },
    "help": {
      "43444462de76fb4efec854ec9ab86d66_0": 0.16666666666666666
    },
    "database": {
      "43444462de76fb4efec854ec9ab86d66_0": 0.16666666666666666,
      "b5e7b14e331a7f79021c99bc49fc0ff3_0": 0.5,
      "582323a3fd140021464a0371b160d597_0": 0.42857142857142855
    },
    "connection": {
      "43444462de76fb4efec854ec9ab86d66_0": 0.16666666666666666
    },
    "issues": {
      "43444462de76fb4efec854ec9ab86d66_0": 0.16666666666666666
    },
    "web": {
      "b5e7b14e331a7f79021c99bc49fc0ff3_0": 0.125
    },
    "development": {
      "b5e7b14e331a7f79021c99bc49fc0ff3_0": 0.125
    },
    "vector": {
      "b5e7b14e331a7f79021c99bc49fc0ff3_0": 0.125,
      "582323a3fd140021464a0371b160d597_0": 0.7142857142857142
    },
    "implementation": {
      "b5e7b14e331a7f79021c99bc49fc0ff3_0": 0.125
    },
    "implemented": {
      "582323a3fd140021464a0371b160d597_0": 0.14285714285714285
    },
    "chromadb": {
      "582323a3fd140021464a0371b160d597_0": 0.14285714285714285
    },
    "captain": {
      "1dc838d748bf9f04c48743bb5306f3fb_0": 0.09090909090909091
    },
    "update": {
      "1dc838d748bf9f04c48743bb5306f3fb_0": 0.09090909090909091
    },
    "enhanced": {
      "1dc838d748bf9f04c48743bb5306f3fb_0": 0.09090909090909091
    },
    "a2a": {
      "1dc838d748bf9f04c48743bb5306f3fb_0": 0.09090909090909091
    },
    "s2a": {
      "1dc838d748bf9f04c48743bb5306f3fb_0": 0.09090909090909091
    },
    "h2a": {
      "1dc838d748bf9f04c48743bb5306f3fb_0": 0.09090909090909091
    },
    "types": {
      "1dc838d748bf9f04c48743bb5306f3fb_0": 0.09090909090909091
    }
  },
  "doc_frequencies": {
    "expertise": 1,
    "specialist": 2,
    "core": 1,
    "systems": 1,
    "integration": 3,
    "agent": 6,
    "messaging": 3,
    "successfully": 2,
    "task": 1,
    "system": 2,
    "completed": 2,
    "help": 1,
    "database": 3,
    "connection": 1,
    "need": 1,
    "issues": 1,
    "web": 1,
    "vector": 2,
    "implementation": 1,
    "development": 1,
    "chromadb": 1,
    "implemented": 1,
    "update": 1,
    "enhanced": 1,
    "captain": 1,
    "types": 1,
    "a2a": 1,
    "s2a": 1,
    "h2a": 1
  },
  "total_docs": 6
}
