{
  "total_tasks": 200,
  "completed_tasks": 200,
  "failed_tasks": 0,
  "success_rate": 100.0,
  "avg_execution_time": 0.4027970394637045,
  "avg_coordination_latency": 9.989738464355469e-05,
  "current_throughput": 124.33333333333333,
  "avg_throughput": 124.33333333333333,
  "current_latency": 9.989738464355469e-05,
  "running_tasks": 0,
  "pending_tasks": 0,
  "active_workflows": 0
}