{
  "messages_processed": 2104,
  "messages_delivered": 4090,
  "messages_failed": 164,
  "delivery_success_rate": 194.39163498098858,
  "avg_delivery_time": 0.0014665265832513902,
  "current_throughput": 10898.43704529595,
  "avg_throughput": 3894.126330060745,
  "queue_size": 526,
  "batch_queue_size": 0,
  "active_agents": 10,
  "routing_groups": 1,
  "active_topics": 1
}