{
  "CAPTAIN->Agent-1": [
    1768171617.870992,
    1768177856.5572295
  ],
  "CAPTAIN->Agent-2": [
    1768177105.9284396,
    1768178072.6164916,
    1768178737.789815,
    1768179071.6642792
  ],
  "Agent-2->Agent-4": [
    1768177175.1497397,
    1768177668.8831866,
    1768177968.157984,
    1768178640.2631476,
    1768178753.1886277
  ],
  "CAPTAIN->Agent-3": [
    1768177335.519466,
    1768239282.8423712,
    1768253939.2480686
  ],
  "CAPTAIN->Agent-5": [
    1768177600.138292
  ],
  "Agent-3->Agent-4": [
    1768178161.916246
  ],
  "Agent-2->Agent-3": [
    1768178653.3250651
  ],
  "Agent-1->Agent-4": [
    1768191345.7803428,
    1768191486.9573982
  ],
  "Agent-6->Agent-1": [
    1768192772.8141837
  ],
  "Agent-1->Agent-6": [
    1768192935.8527057,
    1768202800.490172,
    1768203276.2861896
  ],
  "Agent-6->Agent-5": [
    1768194758.124746,
    1768252794.4227283,
    1768253093.9994385
  ],
  "Agent-6->Agent-4": [
    1768194790.5714662
  ],
  "Agent-1->Agent-5": [
    1768202779.0305922,
    1768203222.2140265,
    1768203255.2776697,
    1768203716.181293,
    1768204326.5018573,
    1768204600.426647,
    1768205053.0175724,
    1768205309.309071,
    1768205551.8425908,
    1768205734.1603348,
    1768205875.7237916,
    1768205997.6591985,
    1768206132.493245,
    1768206290.7384403,
    1768206408.1119092
  ],
  "Agent-5->Agent-1": [
    1768203599.7131264,
    1768203694.142381,
    1768204165.5800164,
    1768204422.3461702,
    1768204834.176812,
    1768205025.910374,
    1768205266.0663683,
    1768205385.050102,
    1768205498.259899,
    1768205626.9816108,
    1768205840.8223703,
    1768205955.635116,
    1768206081.2965448,
    1768206205.2120893,
    1768206359.574412,
    1768206469.501926
  ],
  "Agent-5->Agent-6": [
    1768252775.422021,
    1768252878.6940129,
    1768253328.4242268
  ],
  "Agent-5->Agent-4": [
    1768254498.1249928,
    1768255081.1880035,
    1768255425.4205573,
    1768255660.9831426
  ]
}